名称,评论,评论时间
VS沙宣修护水养洗发水750ml*2瓶装,一看店名，溜了 ,2020-08-30
VS沙宣修护水养洗发水750ml*2瓶装,刚刚下了单我就不知道是假的，我会不会真是假的呢？如果是假的怎么办？用30块钱的券比超市买的就便宜的太多了。 ,2020-08-30
VS沙宣修护水养洗发水750ml*2瓶装,价格太低，假货的机会大。如果是直营倒还好，这都什么店。 ,2020-08-30
VS沙宣修护水养洗发水750ml*2瓶装,拼购货源都是拼夕夕或阿里巴巴代发，价格差异多都是假货，顺便撸你京东卷 ,2020-08-30
VS沙宣修护水养洗发水750ml*2瓶装,就是假的，卖了，粘度跟我超市买的完全不一样. ,2020-08-30
VS沙宣修护水养洗发水750ml*2瓶装,买过一次拼的沙宣，很假，还是官方店或者正常价格的第三店吧 ,2020-08-30
VS沙宣修护水养洗发水750ml*2瓶装,你长了几根头发在这哇哇哇哇？ ,2020-08-30
VS沙宣修护水养洗发水750ml*2瓶装,这就是宝洁的低端货你们当宝贝呀。还真的假的。 ,2020-08-30
VS沙宣修护水养洗发水750ml*2瓶装,找个淘宝做理发店用品批发的，两瓶44 ,2020-08-29
VS沙宣修护水养洗发水750ml*2瓶装,也不知道京东哪里搞得这么多拼购店 ,2020-08-29
VS沙宣修护水养洗发水750ml*2瓶装,京东的拼购，不要买,2020-08-29
VS沙宣修护水养洗发水750ml*2瓶装,怎么天天推啊 好多人都说是假的 这烂饭恰的 ,2020-08-29
VS沙宣修护水养洗发水750ml*2瓶装,货本来有问题 ,2020-08-29
VS沙宣修护水养洗发水750ml*2瓶装,为何？不能用各种券还是货本身？ ,2020-08-29
VS沙宣修护水养洗发水750ml*2瓶装,还是自营的放心… ,2020-08-29
VS沙宣修护水养洗发水750ml*2瓶装,假的吗？还是？ ,2020-08-29
VS沙宣修护水养洗发水750ml*2瓶装,➕货没商量，让了！ ,2020-08-29
VS沙宣修护水养洗发水750ml*2瓶装,拼购的让了 ,2020-08-29
VS沙宣修护水养洗发水750ml*2瓶装,护发就是润泽于天 ,2020-08-29
VS沙宣修护水养洗发水750ml*2瓶装,拼购的让了 ,2020-08-29
VS沙宣修护水养洗发水750ml*2瓶装,京东的拼购，不要买,2020-08-29
VS沙宣修护水养洗发水750ml*2瓶装,怎么天天推啊 好多人都说是假的 这烂饭恰的 ,2020-08-29
VS沙宣修护水养洗发水750ml*2瓶装,还是自营的放心… ,2020-08-29
VS沙宣修护水养洗发水750ml*2瓶装,货本来有问题 ,2020-08-29
VS沙宣修护水养洗发水750ml*2瓶装,一看店名，溜了 ,2020-08-30
VS沙宣修护水养洗发水750ml*2瓶装,刚刚下了单我就不知道是假的，我会不会真是假的呢？如果是假的怎么办？用30块钱的券比超市买的就便宜的太多了。 ,2020-08-30
VS沙宣修护水养洗发水750ml*2瓶装,价格太低，假货的机会大。如果是直营倒还好，这都什么店。 ,2020-08-30
VS沙宣修护水养洗发水750ml*2瓶装,拼购货源都是拼夕夕或阿里巴巴代发，价格差异多都是假货，顺便撸你京东卷 ,2020-08-30
VS沙宣修护水养洗发水750ml*2瓶装,就是假的，卖了，粘度跟我超市买的完全不一样. ,2020-08-30
VS沙宣修护水养洗发水750ml*2瓶装,买过一次拼的沙宣，很假，还是官方店或者正常价格的第三店吧 ,2020-08-30
VS沙宣修护水养洗发水750ml*2瓶装,你长了几根头发在这哇哇哇哇？ ,2020-08-30
VS沙宣修护水养洗发水750ml*2瓶装,这就是宝洁的低端货你们当宝贝呀。还真的假的。 ,2020-08-30
VS沙宣修护水养洗发水750ml*2瓶装,找个淘宝做理发店用品批发的，两瓶44 ,2020-08-29
VS沙宣修护水养洗发水750ml*2瓶装,也不知道京东哪里搞得这么多拼购店 ,2020-08-29
VS沙宣修护水养洗发水750ml*2瓶装,为何？不能用各种券还是货本身？ ,2020-08-29
VS沙宣修护水养洗发水750ml*2瓶装,假的吗？还是？ ,2020-08-29
VS沙宣修护水养洗发水750ml*2瓶装,➕货没商量，让了！ ,2020-08-29
VS沙宣修护水养洗发水750ml*2瓶装,护发就是润泽于天 ,2020-08-29
法国馥绿德雅洗发水舒缓头皮无硅油改善头痒干屑祛痘女,假的价格ZSBD ,2020-08-30
法国馥绿德雅洗发水舒缓头皮无硅油改善头痒干屑祛痘女,这是怎么通过的？ ,2020-08-30
法国馥绿德雅洗发水舒缓头皮无硅油改善头痒干屑祛痘女,印象里法国地中海挺多的 ,2020-08-29
法国馥绿德雅洗发水舒缓头皮无硅油改善头痒干屑祛痘女,假的价格ZSBD ,2020-08-30
法国馥绿德雅洗发水舒缓头皮无硅油改善头痒干屑祛痘女,这是怎么通过的？ ,2020-08-30
法国馥绿德雅洗发水舒缓头皮无硅油改善头痒干屑祛痘女,印象里法国地中海挺多的 ,2020-08-29
蜂花（BEE&FLOWER）诗语花悦香氛护发素亚麻籽+红石榴润发精华素（染烫修护）480ml*2件,怎么算的？为什么我是26.92？ ,2020-08-30
蜂花（BEE&FLOWER）诗语花悦香氛护发素亚麻籽+红石榴润发精华素（染烫修护）480ml*2件,怎么算的？为什么我是26.92？ ,2020-08-30
MOROCCANOIL摩洛哥护发精油100ml*2件,价格可么？艺术布丁 ,2020-08-30
MOROCCANOIL摩洛哥护发精油100ml*2件,价格可么？艺术布丁 ,2020-08-30
1日10点：Tamanohada玉肌无硅油洗发水003玫瑰香+004栀子花香,69是一瓶的价格吧 ,2020-08-30
1日10点：Tamanohada玉肌无硅油洗发水003玫瑰香+004栀子花香,这包装太上流了吧 ,2020-08-30
1日10点：Tamanohada玉肌无硅油洗发水003玫瑰香+004栀子花香,这个我用了起头皮屑，味道是真的很香，头皮油的也很快，不知道是个人原因还是洗发水 ,2020-08-30
1日10点：Tamanohada玉肌无硅油洗发水003玫瑰香+004栀子花香,无硅油洗发水虽然不直接去油，但是可以让头发不受硅油影响，虽然使用后头发不那么顺滑，但是能比较长久的保持清爽 ,2020-08-30
1日10点：Tamanohada玉肌无硅油洗发水003玫瑰香+004栀子花香,69是一瓶的价格吧 ,2020-08-30
1日10点：Tamanohada玉肌无硅油洗发水003玫瑰香+004栀子花香,这包装太上流了吧 ,2020-08-30
1日10点：Tamanohada玉肌无硅油洗发水003玫瑰香+004栀子花香,这个我用了起头皮屑，味道是真的很香，头皮油的也很快，不知道是个人原因还是洗发水 ,2020-08-30
1日10点：Tamanohada玉肌无硅油洗发水003玫瑰香+004栀子花香,无硅油洗发水虽然不直接去油，但是可以让头发不受硅油影响，虽然使用后头发不那么顺滑，但是能比较长久的保持清爽 ,2020-08-30
限地区：沙宣修护水养洗发水500ml+护发素500ml蓬松百变洗发水套装（猫和老鼠礼盒）,撸了，多谢爆料 ,2020-08-30
限地区：沙宣修护水养洗发水500ml+护发素500ml蓬松百变洗发水套装（猫和老鼠礼盒）,撸了，多谢爆料 ,2020-08-30
L‘OREALPARIS巴黎欧莱雅透明质酸水润洗发露500ml*5件, ,2020-08-30
L‘OREALPARIS巴黎欧莱雅透明质酸水润洗发露500ml*5件,之前买25一支，用着不错。 ,2020-08-30
L‘OREALPARIS巴黎欧莱雅透明质酸水润洗发露500ml*5件,说实话  这一般  如果相比 建议你用惠润或熊野·券你在值得买里面搜就行了 ,2020-08-30
L‘OREALPARIS巴黎欧莱雅透明质酸水润洗发露500ml*5件,华润万家700ml售价39.9，月初优惠价20，还不用囤货 ,2020-08-30
L‘OREALPARIS巴黎欧莱雅透明质酸水润洗发露500ml*5件,华润万家售价39.9 用券20 ,2020-08-30
L‘OREALPARIS巴黎欧莱雅透明质酸水润洗发露500ml*5件,哪里领卷 着洗发膏用着怎么样啊 ？ ,2020-08-30
L‘OREALPARIS巴黎欧莱雅透明质酸水润洗发露500ml*5件,券在哪里领？ ,2020-08-30
L‘OREALPARIS巴黎欧莱雅透明质酸水润洗发露500ml*5件, ,2020-08-30
L‘OREALPARIS巴黎欧莱雅透明质酸水润洗发露500ml*5件,之前买25一支，用着不错。 ,2020-08-30
L‘OREALPARIS巴黎欧莱雅透明质酸水润洗发露500ml*5件,说实话  这一般  如果相比 建议你用惠润或熊野·券你在值得买里面搜就行了 ,2020-08-30
L‘OREALPARIS巴黎欧莱雅透明质酸水润洗发露500ml*5件,华润万家700ml售价39.9，月初优惠价20，还不用囤货 ,2020-08-30
L‘OREALPARIS巴黎欧莱雅透明质酸水润洗发露500ml*5件,华润万家售价39.9 用券20 ,2020-08-30
L‘OREALPARIS巴黎欧莱雅透明质酸水润洗发露500ml*5件,哪里领卷 着洗发膏用着怎么样啊 ？ ,2020-08-30
L‘OREALPARIS巴黎欧莱雅透明质酸水润洗发露500ml*5件,券在哪里领？ ,2020-08-30
PANTENE潘婷沁润高浓保湿子弹杯发膜补水赋能型12ml,找个周末，然后愉快的用上 ,2020-08-30
PANTENE潘婷沁润高浓保湿子弹杯发膜补水赋能型12ml,哈哈哈，反正也用不完嘛 ,2020-08-30
PANTENE潘婷沁润高浓保湿子弹杯发膜补水赋能型12ml,从来不用护发素的我买了几个也不知准备干啥 哎 ,2020-08-30
PANTENE潘婷沁润高浓保湿子弹杯发膜补水赋能型12ml,运费卷都用在这身上了 ,2020-08-29
PANTENE潘婷沁润高浓保湿子弹杯发膜补水赋能型12ml,运费卷都用在这身上了 ,2020-08-29
PANTENE潘婷沁润高浓保湿子弹杯发膜补水赋能型12ml,找个周末，然后愉快的用上 ,2020-08-30
PANTENE潘婷沁润高浓保湿子弹杯发膜补水赋能型12ml,哈哈哈，反正也用不完嘛 ,2020-08-30
PANTENE潘婷沁润高浓保湿子弹杯发膜补水赋能型12ml,从来不用护发素的我买了几个也不知准备干啥 哎 ,2020-08-30
Head&Shoulders海飞丝去屑洗发露750ml*2瓶,这玩意再好再便宜也不敢买 ,2020-08-30
Head&Shoulders海飞丝去屑洗发露750ml*2瓶,友情提示，第三方拼购店 ,2020-08-29
Head&Shoulders海飞丝去屑洗发露750ml*2瓶,怎么看啊？我买过自营 ,2020-08-29
Head&Shoulders海飞丝去屑洗发露750ml*2瓶,自营都买到过假货，这个不敢碰 ,2020-08-29
Head&Shoulders海飞丝去屑洗发露750ml*2瓶,自营都买到过假货，这个不敢碰 ,2020-08-29
Head&Shoulders海飞丝去屑洗发露750ml*2瓶,友情提示，第三方拼购店 ,2020-08-29
Head&Shoulders海飞丝去屑洗发露750ml*2瓶,这玩意再好再便宜也不敢买 ,2020-08-30
Head&Shoulders海飞丝去屑洗发露750ml*2瓶,怎么看啊？我买过自营 ,2020-08-29
[plus会员＋运费券]蜂花本草精华洗发露1Lx5瓶*5件,能说刚到货两桶海鸥吗？洗发膏，是膏不是水的那种 ,2020-08-30
[plus会员＋运费券]蜂花本草精华洗发露1Lx5瓶*5件,我喜欢用蜂花啤酒无硅油那款 ,2020-08-29
[plus会员＋运费券]蜂花本草精华洗发露1Lx5瓶*5件,价格真的便宜 ,2020-08-29
[plus会员＋运费券]蜂花本草精华洗发露1Lx5瓶*5件,这么多，于老师给马洗澡都够了 ,2020-08-29
[plus会员＋运费券]蜂花本草精华洗发露1Lx5瓶*5件,我刚领了   还有券 ,2020-08-29
[plus会员＋运费券]蜂花本草精华洗发露1Lx5瓶*5件,我觉得挺好用啊！ ,2020-08-29
[plus会员＋运费券]蜂花本草精华洗发露1Lx5瓶*5件,一直用的另一个味道，看了下一样价，可以，喜欢，屯了！ ,2020-08-29
[plus会员＋运费券]蜂花本草精华洗发露1Lx5瓶*5件,我是刚把海飞丝扔了接着用蜂花 ,2020-08-29
[plus会员＋运费券]蜂花本草精华洗发露1Lx5瓶*5件,可能领完了，还需要plus ,2020-08-29
[plus会员＋运费券]蜂花本草精华洗发露1Lx5瓶*5件,这个洗发水我觉得比霸王好用。洗完后发根蓬松顺滑 ,2020-08-29
[plus会员＋运费券]蜂花本草精华洗发露1Lx5瓶*5件,上回撸了好多不同的洗发水 感觉蜂花不比别的差 又不是啥高科技 ,2020-08-29
[plus会员＋运费券]蜂花本草精华洗发露1Lx5瓶*5件,跟lv比怎么样 ,2020-08-29
[plus会员＋运费券]蜂花本草精华洗发露1Lx5瓶*5件,买过7块一瓶，不是最低价 ,2020-08-29
[plus会员＋运费券]蜂花本草精华洗发露1Lx5瓶*5件,想买护发素 ,2020-08-29
[plus会员＋运费券]蜂花本草精华洗发露1Lx5瓶*5件,的确是好价 下单了 ,2020-08-29
[plus会员＋运费券]蜂花本草精华洗发露1Lx5瓶*5件,楼主，怎么没有券了？ ,2020-08-29
[plus会员＋运费券]蜂花本草精华洗发露1Lx5瓶*5件,不假滑洗的干净，很好用的 ,2020-08-29
[plus会员＋运费券]蜂花本草精华洗发露1Lx5瓶*5件,蜂花的护发素便宜大碗好用，洗发露就慎重选择，尤其是油性头发 ,2020-08-29
[plus会员＋运费券]蜂花本草精华洗发露1Lx5瓶*5件,我是我们小时候用的 ,2020-08-29
[plus会员＋运费券]蜂花本草精华洗发露1Lx5瓶*5件,我也是这么想的，国产真不错。 ,2020-08-29
[plus会员＋运费券]蜂花本草精华洗发露1Lx5瓶*5件,好用，我现在不用海飞丝了，改用这个。国产货好得很 ,2020-08-29
[plus会员＋运费券]蜂花本草精华洗发露1Lx5瓶*5件,统一说下，可能是系统我输入错了，1l 5瓶 50 10块钱一瓶 ,2020-08-29
[plus会员＋运费券]蜂花本草精华洗发露1Lx5瓶*5件,个人觉得还可以 ,2020-08-29
[plus会员＋运费券]蜂花本草精华洗发露1Lx5瓶*5件,蜂花的洗发水不比飘柔海飞丝，韩国的吕牌要差，个人感觉还要更好，只是没有plus ,2020-08-29
[plus会员＋运费券]蜂花本草精华洗发露1Lx5瓶*5件,一般不是特别好，我是放在老家村里用的 ,2020-08-29
[plus会员＋运费券]蜂花本草精华洗发露1Lx5瓶*5件,是后面标题自己加的 ,2020-08-29
[plus会员＋运费券]蜂花本草精华洗发露1Lx5瓶*5件,标题看着是5×5 这个不对的吧？ ,2020-08-29
[plus会员＋运费券]蜂花本草精华洗发露1Lx5瓶*5件,这。有人用过吗？好用不，等个回答。 ,2020-08-29
[plus会员＋运费券]蜂花本草精华洗发露1Lx5瓶*5件,蜂花的洗发水不比飘柔海飞丝，韩国的吕牌要差，个人感觉还要更好，只是没有plus ,2020-08-29
[plus会员＋运费券]蜂花本草精华洗发露1Lx5瓶*5件,好用，我现在不用海飞丝了，改用这个。国产货好得很 ,2020-08-29
[plus会员＋运费券]蜂花本草精华洗发露1Lx5瓶*5件,能说刚到货两桶海鸥吗？洗发膏，是膏不是水的那种 ,2020-08-30
[plus会员＋运费券]蜂花本草精华洗发露1Lx5瓶*5件,我喜欢用蜂花啤酒无硅油那款 ,2020-08-29
[plus会员＋运费券]蜂花本草精华洗发露1Lx5瓶*5件,价格真的便宜 ,2020-08-29
[plus会员＋运费券]蜂花本草精华洗发露1Lx5瓶*5件,这么多，于老师给马洗澡都够了 ,2020-08-29
[plus会员＋运费券]蜂花本草精华洗发露1Lx5瓶*5件,我刚领了   还有券 ,2020-08-29
[plus会员＋运费券]蜂花本草精华洗发露1Lx5瓶*5件,我觉得挺好用啊！ ,2020-08-29
[plus会员＋运费券]蜂花本草精华洗发露1Lx5瓶*5件,一直用的另一个味道，看了下一样价，可以，喜欢，屯了！ ,2020-08-29
[plus会员＋运费券]蜂花本草精华洗发露1Lx5瓶*5件,我是刚把海飞丝扔了接着用蜂花 ,2020-08-29
[plus会员＋运费券]蜂花本草精华洗发露1Lx5瓶*5件,可能领完了，还需要plus ,2020-08-29
[plus会员＋运费券]蜂花本草精华洗发露1Lx5瓶*5件,这个洗发水我觉得比霸王好用。洗完后发根蓬松顺滑 ,2020-08-29
[plus会员＋运费券]蜂花本草精华洗发露1Lx5瓶*5件,上回撸了好多不同的洗发水 感觉蜂花不比别的差 又不是啥高科技 ,2020-08-29
[plus会员＋运费券]蜂花本草精华洗发露1Lx5瓶*5件,跟lv比怎么样 ,2020-08-29
[plus会员＋运费券]蜂花本草精华洗发露1Lx5瓶*5件,买过7块一瓶，不是最低价 ,2020-08-29
[plus会员＋运费券]蜂花本草精华洗发露1Lx5瓶*5件,想买护发素 ,2020-08-29
[plus会员＋运费券]蜂花本草精华洗发露1Lx5瓶*5件,的确是好价 下单了 ,2020-08-29
[plus会员＋运费券]蜂花本草精华洗发露1Lx5瓶*5件,楼主，怎么没有券了？ ,2020-08-29
[plus会员＋运费券]蜂花本草精华洗发露1Lx5瓶*5件,不假滑洗的干净，很好用的 ,2020-08-29
[plus会员＋运费券]蜂花本草精华洗发露1Lx5瓶*5件,蜂花的护发素便宜大碗好用，洗发露就慎重选择，尤其是油性头发 ,2020-08-29
[plus会员＋运费券]蜂花本草精华洗发露1Lx5瓶*5件,我是我们小时候用的 ,2020-08-29
[plus会员＋运费券]蜂花本草精华洗发露1Lx5瓶*5件,我也是这么想的，国产真不错。 ,2020-08-29
[plus会员＋运费券]蜂花本草精华洗发露1Lx5瓶*5件,统一说下，可能是系统我输入错了，1l 5瓶 50 10块钱一瓶 ,2020-08-29
[plus会员＋运费券]蜂花本草精华洗发露1Lx5瓶*5件,个人觉得还可以 ,2020-08-29
[plus会员＋运费券]蜂花本草精华洗发露1Lx5瓶*5件,一般不是特别好，我是放在老家村里用的 ,2020-08-29
[plus会员＋运费券]蜂花本草精华洗发露1Lx5瓶*5件,是后面标题自己加的 ,2020-08-29
[plus会员＋运费券]蜂花本草精华洗发露1Lx5瓶*5件,标题看着是5×5 这个不对的吧？ ,2020-08-29
[plus会员＋运费券]蜂花本草精华洗发露1Lx5瓶*5件,这。有人用过吗？好用不，等个回答。 ,2020-08-29
